date,tau_tet,is_tet,regime,dt_fcfs,dt_ai,tang_dt,tang_pax_km,tang_ve,util_fcfs,util_ai,giam_ghe_trong,giam_tu_choi,gap_ghep_ai,het_cho_fcfs,het_cho_ai,bo_vi_gia_fcfs,bo_vi_gia_ai,ve_fcfs,ve_ai,gia_tren_F0_ai,p95_ms_ai,z_opt,eff_ai,eff_fcfs
2025-07-01,153,False,LUAT,1832548531,1778820511,-0.0293,-0.0688,-0.0843,0.6901,0.6426,-0.0125,-0.0433,972,1613,832,4744,5232,3263,2988,0.9879,5.2,0,,
2025-07-02,154,False,LUAT,1794854687,1761876085,-0.0184,-0.0232,-0.05,0.6803,0.6645,-0.0185,-0.0255,1062,1573,865,4814,4986,3258,3095,0.958,5.12,0,,
2025-07-03,155,False,LUAT,1815298799,1772001027,-0.0239,-0.0304,-0.0538,0.6886,0.6677,-0.0397,-0.029,1050,1472,869,4592,4682,3272,3096,0.9581,5.09,0,,
2025-07-04,156,False,LUAT,1775979447,1738419647,-0.0211,-0.028,-0.0506,0.6723,0.6535,-0.0418,-0.0269,1038,1521,841,4585,4764,3239,3075,0.9581,5.05,0,,
2025-07-05,157,False,LUAT,1903871324,1843890021,-0.0315,-0.0447,-0.0647,0.7253,0.6929,-0.0014,-0.0328,1199,1753,942,5066,5362,3461,3237,0.9619,5.1,0,,
2025-07-06,158,False,LUAT,1870691926,1813013885,-0.0308,-0.0422,-0.0658,0.7048,0.6751,-0.0091,-0.0331,1157,1740,977,5120,5405,3448,3221,0.9623,5.03,0,,
2025-07-07,159,False,LUAT,1765983118,1735135841,-0.0175,-0.0228,-0.0501,0.6692,0.654,-0.043,-0.0259,1024,1535,887,4684,4822,3215,3054,0.9559,5.07,0,,
2025-07-08,160,False,LUAT,1778021206,1742591459,-0.0199,-0.0251,-0.0556,0.672,0.6552,-0.0566,-0.0292,1072,1478,865,4746,4820,3274,3092,0.9586,5.05,0,,
2025-07-09,161,False,LUAT,1804202276,1760735633,-0.0241,-0.0327,-0.0535,0.6858,0.6633,-0.026,-0.0284,1109,1568,899,4704,4918,3327,3149,0.9575,5.11,0,,
2025-07-10,162,False,LUAT,1758606630,1729526358,-0.0165,-0.0204,-0.0399,0.6692,0.6556,-0.0586,-0.0214,1077,1446,858,4593,4664,3235,3106,0.9511,5.16,0,,
2025-07-11,163,False,LUAT,1810849406,1754881527,-0.0309,-0.037,-0.0621,0.6859,0.6605,-0.0222,-0.0323,1054,1589,881,4760,4970,3303,3098,0.9572,5.15,0,,
2025-07-12,164,False,LUAT,1897796917,1860278676,-0.0198,-0.0352,-0.0621,0.726,0.7004,0.0029,-0.0312,1150,1791,974,5042,5243,3428,3215,0.9629,5.09,0,,
2025-07-13,165,False,LUAT,1860366947,1805806121,-0.0293,-0.0396,-0.0615,0.7079,0.6799,-0.0023,-0.0302,1122,1722,990,5139,5303,3365,3158,0.9587,5.52,0,,
2025-07-14,166,False,LUAT,1814535618,1769360176,-0.0249,-0.0325,-0.0598,0.6878,0.6654,-0.0378,-0.0314,1056,1472,872,4801,4907,3293,3096,0.9544,5.55,0,,
2025-07-15,167,False,LUAT,1714746509,1681331274,-0.0195,-0.024,-0.0433,0.652,0.6363,-0.0639,-0.0218,985,1505,850,4726,4834,3142,3006,0.9524,5.51,0,,
2025-07-16,168,False,LUAT,1815110881,1769826204,-0.0249,-0.0309,-0.0588,0.6874,0.6662,-0.03,-0.0307,1060,1501,834,4780,4894,3285,3092,0.9625,5.54,0,,
2025-07-17,169,False,LUAT,1829485792,1786034230,-0.0238,-0.0319,-0.0685,0.6956,0.6734,-0.0101,-0.0366,1075,1551,902,4683,4819,3328,3100,0.9611,5.11,0,,
2025-07-18,170,False,LUAT,1797769435,1748397424,-0.0275,-0.0316,-0.0561,0.6812,0.6597,-0.036,-0.0289,1053,1603,945,4734,4913,3264,3081,0.956,5.29,0,,
2025-07-19,171,False,LUAT,1891209557,1834750908,-0.0299,-0.0398,-0.0619,0.7135,0.6852,-0.011,-0.0303,1160,1854,1096,5099,5353,3408,3197,0.9647,5.1,0,,
2025-07-20,172,False,LUAT,1919531603,1851794557,-0.0353,-0.0469,-0.0687,0.7282,0.6941,0.0166,-0.0341,1180,1762,994,5208,5434,3464,3226,0.9638,5.06,0,,
2025-07-21,173,False,LUAT,1827347721,1773265808,-0.0296,-0.0366,-0.055,0.6956,0.6702,-0.0257,-0.0286,1051,1581,950,4679,4862,3255,3076,0.9553,5.04,0,,
2025-07-22,174,False,LUAT,1771546538,1745986119,-0.0144,-0.0218,-0.0418,0.6635,0.6491,-0.0525,-0.0213,1032,1540,844,4741,4951,3204,3070,0.9619,5.15,0,,
2025-07-23,175,False,LUAT,1771588407,1738236245,-0.0188,-0.0261,-0.0522,0.6749,0.6572,-0.0298,-0.0271,1015,1495,865,4698,4802,3217,3049,0.9575,5.11,0,,
2025-07-24,176,False,LUAT,1786027459,1733645560,-0.0293,-0.0367,-0.0546,0.6779,0.653,-0.0266,-0.0282,1065,1615,899,4697,4880,3263,3085,0.961,5.06,0,,
2025-07-25,177,False,LUAT,1789435421,1741103305,-0.027,-0.0317,-0.0581,0.6824,0.6607,-0.0297,-0.0297,987,1490,829,4774,4933,3199,3013,0.9578,4.97,0,,
2025-07-26,178,False,LUAT,1847475185,1789897600,-0.0312,-0.0427,-0.0687,0.703,0.673,-0.0165,-0.0338,1093,1730,985,5103,5299,3363,3132,0.9635,4.92,0,,
2025-07-27,179,False,LUAT,1842068873,1798231547,-0.0238,-0.0374,-0.0586,0.7069,0.6805,-0.007,-0.0283,1143,1853,1047,5155,5388,3380,3182,0.9586,4.94,0,,
2025-07-28,180,False,LUAT,1776944788,1717864500,-0.0332,-0.036,-0.0609,0.674,0.6498,-0.0434,-0.0321,1013,1456,833,4677,4788,3233,3036,0.955,4.94,0,,
2025-07-29,181,False,LUAT,1787815897,1744146436,-0.0244,-0.0343,-0.0649,0.6819,0.6584,-0.0181,-0.0342,1045,1489,870,4711,4878,3268,3056,0.9598,5.03,0,,
2025-07-30,182,False,LUAT,1838363035,1778699628,-0.0325,-0.0395,-0.0597,0.6968,0.6693,-0.0231,-0.0317,1025,1506,812,4643,4847,3264,3069,0.9596,4.98,0,,
2025-07-31,183,False,LUAT,1806799142,1759165045,-0.0264,-0.0304,-0.0624,0.685,0.6641,-0.0264,-0.0326,1025,1562,937,4657,4788,3255,3052,0.9582,5.02,0,,
2025-08-01,184,False,LUAT,1795578615,1760160673,-0.0197,-0.0287,-0.056,0.6806,0.6611,-0.0298,-0.0301,1053,1497,845,4578,4714,3269,3086,0.9596,5.03,0,,
2025-08-02,185,False,LUAT,1843012766,1787888125,-0.0299,-0.0404,-0.0622,0.7037,0.6752,-0.0078,-0.0299,1058,1765,975,5128,5401,3310,3104,0.9609,5.04,0,,
2025-08-03,186,False,LUAT,1865789968,1822663294,-0.0231,-0.0346,-0.0641,0.7107,0.6861,-0.0142,-0.0321,1159,1729,1011,5058,5181,3403,3185,0.9605,4.58,0,,
2025-08-04,187,False,LUAT,1807212189,1743698224,-0.0351,-0.0414,-0.0604,0.6857,0.6573,-0.0323,-0.0324,1115,1466,836,4746,4868,3327,3126,0.9569,5.02,0,,
2025-08-05,188,False,LUAT,1838076894,1795471047,-0.0232,-0.0319,-0.0609,0.7009,0.6786,-0.0169,-0.0318,1081,1558,888,4763,4885,3299,3098,0.9598,4.94,0,,
2025-08-06,189,False,LUAT,1784740092,1728925398,-0.0313,-0.036,-0.0603,0.68,0.6555,-0.0301,-0.0314,1005,1587,965,4597,4730,3215,3021,0.957,4.91,0,,
2025-08-07,190,False,LUAT,1769234295,1733650238,-0.0201,-0.0259,-0.0485,0.6713,0.6539,-0.0201,-0.0255,1124,1413,838,4818,4923,3276,3117,0.9603,4.93,0,,
2025-08-08,191,False,LUAT,1779774592,1757059961,-0.0128,-0.0202,-0.0443,0.6743,0.6607,-0.0281,-0.0234,1083,1535,889,4669,4797,3274,3129,0.9591,4.92,0,,
2025-08-09,192,False,LUAT,1867285809,1822779060,-0.0238,-0.0373,-0.0607,0.7116,0.6851,-0.0076,-0.0295,1151,1884,1121,5064,5296,3378,3173,0.9642,4.79,0,,
2025-08-10,-191,False,LUAT,1853131472,1801466491,-0.0279,-0.0347,-0.0566,0.7023,0.6779,-0.0129,-0.0279,1139,1759,986,5098,5270,3375,3184,0.9611,4.74,0,,
2025-08-11,-190,False,LUAT,1795566681,1755007106,-0.0226,-0.0305,-0.06,0.6815,0.6607,-0.0441,-0.0315,1033,1484,829,4778,4997,3284,3087,0.9577,4.75,0,,
2025-08-12,-189,False,LUAT,1837007376,1793850051,-0.0235,-0.0305,-0.0613,0.6935,0.6724,-0.032,-0.0322,1076,1599,884,4727,4940,3327,3123,0.9602,4.73,0,,
2025-08-13,-188,False,LUAT,1780496895,1758475431,-0.0124,-0.0208,-0.0476,0.674,0.66,-0.0463,-0.025,1071,1442,798,4756,4920,3256,3101,0.9568,4.75,0,,
2025-08-14,-187,False,LUAT,1804545346,1759776640,-0.0248,-0.0302,-0.0578,0.6869,0.6662,-0.0343,-0.0315,1076,1474,828,4593,4683,3306,3115,0.9562,4.78,0,,
2025-08-15,-186,False,LUAT,1827191799,1769670762,-0.0315,-0.0369,-0.063,0.6914,0.6659,-0.0242,-0.034,1092,1560,881,4591,4831,3318,3109,0.9585,4.81,0,,
2025-08-16,-185,False,LUAT,1848200786,1797971448,-0.0272,-0.0348,-0.0649,0.7046,0.6801,-0.0238,-0.0319,1123,1842,1068,5064,5285,3392,3172,0.9539,4.74,0,,
2025-08-17,-184,False,LUAT,1841034341,1803123993,-0.0206,-0.0303,-0.0583,0.6986,0.6774,-0.0118,-0.0285,1150,1814,1017,5106,5358,3378,3181,0.9615,4.77,0,,
2025-08-18,-183,False,LUAT,1821140521,1787207328,-0.0186,-0.0264,-0.0564,0.6885,0.6704,-0.014,-0.0308,1118,1481,824,4655,4814,3350,3161,0.9598,4.76,0,,
2025-08-19,-182,False,LUAT,1779329010,1748003434,-0.0176,-0.0262,-0.0537,0.6747,0.657,-0.0389,-0.028,1026,1430,798,4752,4846,3219,3046,0.9587,4.78,0,,
2025-08-20,-181,False,LUAT,1808031190,1773942680,-0.0189,-0.0243,-0.0516,0.6825,0.6659,-0.0429,-0.0262,1050,1543,906,4820,4918,3238,3071,0.9616,4.77,0,,
2025-08-21,-180,False,LUAT,1802877851,1772311227,-0.017,-0.0253,-0.0513,0.6814,0.6641,-0.0233,-0.027,1031,1542,865,4608,4733,3236,3070,0.9614,4.74,0,,
2025-08-22,-179,False,LUAT,1826962019,1779133057,-0.0262,-0.0346,-0.0553,0.6941,0.6701,-0.0194,-0.0289,1064,1540,831,4747,4958,3294,3112,0.9574,4.73,0,,
2025-08-23,-178,False,LUAT,1854546854,1802371522,-0.0281,-0.0368,-0.065,0.7034,0.6775,-0.0101,-0.0319,1124,1749,1016,5107,5312,3370,3151,0.9641,4.75,0,,
2025-08-24,-177,False,LUAT,1864242109,1810501988,-0.0288,-0.0361,-0.0569,0.7108,0.6851,-0.0123,-0.028,1180,1842,1014,5084,5318,3410,3216,0.958,4.76,0,,
2025-08-25,-176,False,LUAT,1865020597,1808583875,-0.0303,-0.0372,-0.0562,0.7043,0.6781,-0.0154,-0.0299,1065,1499,863,4678,4907,3293,3108,0.96,4.74,0,,
2025-08-26,-175,False,LUAT,1805271289,1749968309,-0.0306,-0.0387,-0.062,0.6844,0.6579,-0.0381,-0.0333,1053,1503,843,4632,4878,3291,3087,0.9566,4.72,0,,
2025-08-27,-174,False,LUAT,1816137376,1763744285,-0.0288,-0.034,-0.0582,0.69,0.6666,-0.0264,-0.0305,1061,1562,914,4696,4861,3283,3092,0.9546,4.76,0,,
2025-08-28,-173,False,LUAT,1808202317,1752632048,-0.0307,-0.0354,-0.0571,0.6864,0.6621,-0.0262,-0.0295,1033,1519,909,4756,4806,3242,3057,0.9566,4.76,0,,
2025-08-29,-172,False,LUAT,1808759959,1759603766,-0.0272,-0.0307,-0.0482,0.6812,0.6603,-0.0469,-0.0247,1065,1568,843,4794,4961,3258,3101,0.9561,4.77,0,,
2025-08-30,-171,False,LUAT,1887544386,1849995841,-0.0199,-0.0338,-0.0698,0.7233,0.6988,0.0045,-0.034,1109,1886,999,5083,5294,3395,3158,0.9634,4.76,0,,
2025-08-31,-170,False,LUAT,1860300945,1817237844,-0.0231,-0.0338,-0.0655,0.7094,0.6854,-0.0135,-0.0318,1101,1767,1019,5143,5431,3357,3137,0.9567,4.74,0,,
2025-09-01,-169,False,LUAT,1811053790,1763861484,-0.0261,-0.0315,-0.0548,0.685,0.6634,-0.0384,-0.0282,1016,1534,942,4771,4863,3247,3069,0.9599,4.77,0,,
2025-09-02,-168,False,LUAT,2013749684,1969744702,-0.0219,-0.0459,-0.0758,0.7662,0.731,0.0208,-0.0299,1319,2702,1493,6558,6930,3655,3378,0.9677,4.74,0,,
2025-09-03,-167,False,LUAT,1831101933,1789919401,-0.0225,-0.0274,-0.0476,0.6903,0.6713,-0.0455,-0.0246,1077,1625,972,4722,4872,3280,3124,0.9591,4.7,0,,
2025-09-04,-166,False,LUAT,1808118002,1766048886,-0.0233,-0.0339,-0.0471,0.6871,0.6638,-0.0299,-0.0238,1026,1569,902,4767,4938,3209,3058,0.9598,4.79,0,,
2025-09-05,-165,False,LUAT,1809307138,1759961372,-0.0273,-0.0295,-0.058,0.6846,0.6644,-0.0498,-0.0304,1019,1492,851,4693,4794,3241,3053,0.9571,4.75,0,,
2025-09-06,-164,False,LUAT,1881483748,1835204918,-0.0246,-0.0343,-0.063,0.7131,0.6886,0.0003,-0.0316,1148,1686,921,5122,5336,3413,3198,0.9584,4.83,0,,
2025-09-07,-163,False,LUAT,1866890693,1826351626,-0.0217,-0.0301,-0.0553,0.7083,0.687,-0.0197,-0.0272,1178,1857,1069,5082,5297,3419,3230,0.9586,4.97,0,,
2025-09-08,-162,False,LUAT,1757406379,1734087348,-0.0133,-0.0213,-0.0469,0.6673,0.6531,-0.0537,-0.0245,1043,1417,796,4742,4858,3222,3071,0.9592,4.94,0,,
2025-09-09,-161,False,LUAT,1812735832,1762440006,-0.0277,-0.0324,-0.0562,0.6893,0.6669,-0.0284,-0.029,1015,1534,886,4677,4773,3202,3022,0.9587,4.89,0,,
2025-09-10,-160,False,LUAT,1761613269,1724159271,-0.0213,-0.0267,-0.048,0.6655,0.6478,-0.0465,-0.025,1019,1435,863,4686,4811,3190,3037,0.9593,4.72,0,,
2025-09-11,-159,False,LUAT,1818703821,1756389895,-0.0343,-0.042,-0.0613,0.6928,0.6637,-0.0126,-0.0322,1074,1564,873,4749,4973,3313,3110,0.9531,4.75,0,,
2025-09-12,-158,False,LUAT,1771272514,1731060948,-0.0227,-0.0265,-0.0589,0.672,0.6542,-0.0521,-0.0315,1027,1449,857,4615,4679,3243,3052,0.9558,4.73,0,,
2025-09-13,-157,False,LUAT,1858271822,1811631346,-0.0251,-0.036,-0.0612,0.7048,0.6795,-0.002,-0.0298,1111,1817,1039,5062,5295,3349,3144,0.9606,4.82,0,,
2025-09-14,-156,False,LUAT,1905231592,1838671086,-0.0349,-0.0463,-0.0675,0.7236,0.6901,0.0037,-0.0339,1170,1785,1007,5059,5315,3438,3206,0.963,4.71,0,,
2025-09-15,-155,False,LUAT,1817654410,1786058512,-0.0174,-0.0229,-0.0523,0.6933,0.6774,-0.0337,-0.0278,1098,1615,915,4616,4760,3307,3134,0.9557,4.71,0,,
2025-09-16,-154,False,LUAT,1809247841,1758776084,-0.0279,-0.0356,-0.0629,0.6839,0.6595,-0.026,-0.0329,1037,1529,872,4769,4911,3291,3084,0.9577,4.72,0,,
2025-09-17,-153,False,LUAT,1835797899,1784793740,-0.0278,-0.0393,-0.058,0.6971,0.6696,-0.0086,-0.031,1077,1590,909,4603,4802,3310,3118,0.9589,4.74,0,,
2025-09-18,-152,False,LUAT,1829148824,1791859287,-0.0204,-0.0305,-0.0466,0.6946,0.6734,-0.0275,-0.0249,1104,1519,873,4661,4825,3302,3148,0.9601,4.74,0,,
2025-09-19,-151,False,LUAT,1794399080,1753674425,-0.0227,-0.0286,-0.0526,0.6782,0.6588,-0.0221,-0.027,1055,1508,855,4777,4906,3235,3065,0.9607,4.72,0,,
2025-09-20,-150,False,LUAT,1859306325,1804615325,-0.0294,-0.0405,-0.0717,0.7083,0.6796,-0.0066,-0.0355,1136,1759,1003,5165,5385,3432,3186,0.9591,4.73,0,,
2025-09-21,-149,False,LUAT,1815183932,1779256831,-0.0198,-0.0283,-0.0544,0.6862,0.6668,-0.0527,-0.0259,1075,1760,1031,5157,5320,3291,3112,0.963,4.79,0,,
2025-09-22,-148,False,LUAT,1813712458,1785116692,-0.0158,-0.0242,-0.0457,0.6849,0.6683,-0.0379,-0.0244,1093,1536,883,4600,4832,3281,3131,0.9576,4.9,0,,
2025-09-23,-147,False,LUAT,1815996318,1778869579,-0.0204,-0.0291,-0.0545,0.6885,0.6685,-0.0303,-0.0285,1034,1472,852,4739,4822,3246,3069,0.9592,4.89,0,,
2025-09-24,-146,False,LUAT,1772707355,1738749878,-0.0192,-0.025,-0.0484,0.6744,0.6576,-0.0313,-0.0253,1048,1509,823,4652,4858,3221,3065,0.9558,5.02,0,,
2025-09-25,-145,False,LUAT,1769154380,1715310325,-0.0304,-0.0375,-0.0595,0.6723,0.6471,-0.0388,-0.0309,1032,1463,858,4776,4938,3241,3048,0.9572,5.05,0,,
2025-09-26,-144,False,LUAT,1794271627,1757707086,-0.0204,-0.0234,-0.0462,0.6767,0.6609,-0.0645,-0.0242,1046,1500,885,4669,4751,3222,3073,0.9571,5.07,0,,
2025-09-27,-143,False,LUAT,1892187118,1833931609,-0.0308,-0.0424,-0.0635,0.7186,0.6882,-0.0196,-0.031,1136,1830,1041,5127,5382,3403,3187,0.9603,5.05,0,,
2025-09-28,-142,False,LUAT,1891611320,1833188408,-0.0309,-0.0395,-0.0691,0.7139,0.6857,0.0121,-0.0343,1170,1793,989,5180,5393,3459,3220,0.9619,4.93,0,,
2025-09-29,-141,False,LUAT,1789485382,1740708796,-0.0273,-0.0349,-0.0598,0.6811,0.6573,-0.0227,-0.0321,1059,1449,791,4655,4828,3275,3079,0.9562,5.05,0,,
2025-09-30,-140,False,LUAT,1787461719,1759776567,-0.0155,-0.0214,-0.0461,0.6764,0.6619,-0.0418,-0.0237,1080,1565,911,4773,4907,3254,3104,0.9605,4.74,0,,
2025-10-01,-139,False,LUAT,1806458689,1768199108,-0.0212,-0.0265,-0.0493,0.6838,0.6657,-0.0545,-0.0258,1083,1513,849,4774,4926,3283,3121,0.9539,4.78,0,,
2025-10-02,-138,False,LUAT,1819469765,1787613548,-0.0175,-0.024,-0.0473,0.6866,0.6701,-0.0315,-0.0248,1077,1488,844,4773,4873,3279,3124,0.9588,4.72,0,,
2025-10-03,-137,False,LUAT,1799784451,1732635270,-0.0373,-0.0395,-0.0517,0.6807,0.6538,-0.0371,-0.0276,1041,1511,842,4584,4728,3249,3081,0.9563,4.76,0,,
2025-10-04,-136,False,LUAT,1833179562,1783521438,-0.0271,-0.0371,-0.0619,0.6942,0.6685,-0.0183,-0.0295,1100,1764,1028,5210,5368,3327,3121,0.9613,4.75,0,,
2025-10-05,-135,False,LUAT,1880627024,1819490726,-0.0325,-0.043,-0.0666,0.7153,0.6845,0.016,-0.0322,1143,1823,1018,5234,5508,3409,3182,0.9593,4.81,0,,
2025-10-06,-134,False,LUAT,1798615913,1755627010,-0.0239,-0.0302,-0.0549,0.6772,0.6567,-0.0327,-0.0284,1076,1565,889,4809,4918,3294,3113,0.9573,4.81,0,,
2025-10-07,-133,False,LUAT,1783634243,1740861069,-0.024,-0.0277,-0.0505,0.6734,0.6548,-0.053,-0.0259,971,1552,905,4616,4763,3169,3009,0.9567,4.82,0,,
2025-10-08,-132,False,LUAT,1818449853,1779553090,-0.0214,-0.0292,-0.052,0.6878,0.6677,-0.0327,-0.0277,1057,1445,822,4690,4887,3268,3098,0.9591,5.32,0,,
2025-10-09,-131,False,LUAT,1805026359,1779071795,-0.0144,-0.0213,-0.0372,0.6815,0.667,-0.0369,-0.0188,1016,1523,856,4750,4834,3170,3052,0.9608,5.31,0,,
2025-10-10,-130,False,LUAT,1785637140,1757506062,-0.0158,-0.0214,-0.0548,0.6753,0.6608,-0.0544,-0.0291,1051,1538,899,4655,4784,3284,3104,0.9568,5.47,0,,
2025-10-11,-129,False,LUAT,1858406466,1824774618,-0.0181,-0.0291,-0.0578,0.7058,0.6852,-0.0054,-0.0282,1107,1734,960,5101,5318,3341,3148,0.9625,5.34,0,,
2025-10-12,-128,False,LUAT,1884437235,1834269459,-0.0266,-0.0386,-0.0666,0.7115,0.684,-0.0232,-0.0329,1123,1725,991,5149,5378,3395,3169,0.9637,5.87,0,,
2025-10-13,-127,False,LUAT,1808296541,1762315264,-0.0254,-0.0303,-0.0431,0.6897,0.6688,-0.0389,-0.0222,1041,1465,814,4798,4920,3223,3084,0.9526,5.6,0,,
2025-10-14,-126,False,LUAT,1792201500,1763569970,-0.016,-0.0242,-0.0477,0.6777,0.6612,-0.0349,-0.0244,1049,1594,874,4709,4910,3230,3076,0.9611,5.67,0,,
2025-10-15,-125,False,LUAT,1776001113,1748926130,-0.0152,-0.0205,-0.0453,0.6688,0.6551,-0.0508,-0.0242,1103,1418,841,4749,4851,3289,3140,0.96,5.58,0,,
2025-10-16,-124,False,LUAT,1812429465,1773483740,-0.0215,-0.0303,-0.0533,0.6881,0.6673,-0.0365,-0.0278,1062,1567,927,4684,4883,3267,3093,0.9613,5.78,0,,
2025-10-17,-123,False,LUAT,1780075109,1753117274,-0.0151,-0.0225,-0.052,0.6738,0.6586,-0.0234,-0.0276,1070,1499,920,4663,4816,3269,3099,0.9576,5.54,0,,
2025-10-18,-122,False,LUAT,1862398178,1821275263,-0.0221,-0.03,-0.0576,0.7062,0.685,-0.0151,-0.0275,1067,1761,1003,5178,5261,3315,3124,0.9602,5.98,0,,
2025-10-19,-121,False,LUAT,1841239191,1802529388,-0.021,-0.0308,-0.0601,0.6983,0.6768,-0.0049,-0.0298,1170,1654,959,5195,5337,3397,3193,0.9622,6.2,0,,
2025-10-20,-120,False,LUAT,1749748443,1703219717,-0.0266,-0.0336,-0.0512,0.6638,0.6416,-0.0316,-0.027,1078,1434,803,4759,4864,3259,3092,0.957,7.33,0,,
2025-10-21,-119,False,LUAT,1821261561,1779043760,-0.0232,-0.0313,-0.0505,0.6899,0.6683,-0.0274,-0.0272,1104,1455,845,4659,4754,3284,3118,0.9589,7.47,0,,
2025-10-22,-118,False,LUAT,1826207689,1777360470,-0.0267,-0.0345,-0.0578,0.6917,0.6678,-0.0316,-0.0305,1067,1476,809,4794,4925,3303,3112,0.9576,6.47,0,,
2025-10-23,-117,False,LUAT,1776496871,1734146613,-0.0238,-0.029,-0.0597,0.6753,0.6558,-0.0375,-0.0306,1043,1509,835,4823,4931,3247,3053,0.9562,6.17,0,,
2025-10-24,-116,False,LUAT,1782439609,1751912013,-0.0171,-0.0255,-0.0528,0.6788,0.6615,-0.0318,-0.0281,1077,1556,903,4602,4770,3279,3106,0.9556,4.71,0,,
2025-10-25,-115,False,LUAT,1861162552,1810456577,-0.0272,-0.0338,-0.0609,0.7043,0.6805,0.0073,-0.0309,1176,1641,943,5131,5422,3432,3223,0.9635,4.78,0,,
2025-10-26,-114,False,LUAT,1879205371,1840291742,-0.0207,-0.033,-0.0549,0.7156,0.692,0.0011,-0.0275,1182,1741,1022,5066,5207,3409,3222,0.9607,4.8,0,,
2025-10-27,-113,False,LUAT,1832715388,1797533307,-0.0192,-0.0301,-0.0575,0.6929,0.672,-0.0122,-0.0299,1101,1584,927,4780,4958,3305,3115,0.9638,4.8,0,,
2025-10-28,-112,False,LUAT,1792018367,1758038343,-0.019,-0.0281,-0.0487,0.6774,0.6583,-0.0309,-0.0254,1119,1559,883,4778,5018,3306,3145,0.9601,5.12,0,,
2025-10-29,-111,False,LUAT,1837359057,1776875303,-0.0329,-0.0381,-0.0563,0.6941,0.6676,-0.0299,-0.0298,1068,1556,863,4643,4836,3286,3101,0.9599,5.03,0,,
2025-10-30,-110,False,LUAT,1785190977,1753231156,-0.0179,-0.0203,-0.0449,0.6752,0.6615,-0.0513,-0.0235,1103,1515,883,4740,4889,3271,3124,0.9546,5.09,0,,
2025-10-31,-109,False,LUAT,1773200235,1745393986,-0.0157,-0.0272,-0.0536,0.6738,0.6555,-0.0257,-0.0279,1081,1556,915,4726,4879,3266,3091,0.9615,5.04,0,,
2025-11-01,-108,False,LUAT,1871095151,1827331991,-0.0234,-0.0294,-0.0587,0.7103,0.6895,0.0031,-0.0281,1136,1750,970,5305,5536,3375,3177,0.9605,4.99,0,,
2025-11-02,-107,False,LUAT,1867837123,1802539857,-0.035,-0.0445,-0.0741,0.7085,0.6769,-0.0106,-0.0368,1079,1721,952,5078,5376,3374,3124,0.9602,5.01,0,,
2025-11-03,-106,False,LUAT,1778973486,1734007118,-0.0253,-0.0321,-0.0564,0.6744,0.6528,-0.0339,-0.0303,1057,1483,883,4594,4690,3264,3080,0.9605,4.95,0,,
2025-11-04,-105,False,LUAT,1800305100,1760853364,-0.0219,-0.0289,-0.0531,0.6822,0.6625,-0.0409,-0.0271,1023,1582,887,4717,4934,3221,3050,0.9578,5.26,0,,
2025-11-05,-104,False,LUAT,1796544119,1753934505,-0.0237,-0.0281,-0.0471,0.6816,0.6624,-0.0237,-0.0247,1057,1463,860,4689,4817,3230,3078,0.9564,4.91,0,,
2025-11-06,-103,False,LUAT,1822579257,1782620552,-0.0219,-0.0291,-0.0494,0.69,0.6699,-0.0404,-0.0262,1109,1581,894,4687,4880,3318,3154,0.9586,4.83,0,,
2025-11-07,-102,False,LUAT,1781941377,1748978312,-0.0185,-0.0259,-0.0485,0.6779,0.6604,-0.0359,-0.0244,1054,1586,909,4843,5027,3236,3079,0.9545,4.87,0,,
2025-11-08,-101,False,LUAT,1878631949,1826110359,-0.028,-0.0371,-0.066,0.7116,0.6852,0.0011,-0.0332,1176,1659,892,5213,5367,3452,3224,0.963,4.95,0,,
2025-11-09,-100,False,LUAT,1873923548,1814102766,-0.0319,-0.0401,-0.0623,0.7124,0.6838,0.0054,-0.0303,1156,1835,1044,5167,5379,3403,3191,0.9601,4.92,0,,
2025-11-10,-99,False,LUAT,1781144230,1749015151,-0.018,-0.0258,-0.0432,0.6796,0.6621,-0.0315,-0.0227,1086,1430,838,4726,4866,3241,3101,0.9542,5.0,0,,
2025-11-11,-98,False,LUAT,1797625450,1737837611,-0.0333,-0.0373,-0.0646,0.682,0.6565,-0.0242,-0.0344,1019,1422,806,4711,4844,3266,3055,0.9562,4.86,0,,
2025-11-12,-97,False,LUAT,1820547696,1763299755,-0.0314,-0.0362,-0.0614,0.6896,0.6646,-0.0329,-0.0319,1088,1602,908,4820,5009,3340,3135,0.956,4.88,0,,
2025-11-13,-96,False,LUAT,1801494400,1756814267,-0.0248,-0.0291,-0.0569,0.6862,0.6662,-0.0113,-0.0301,1070,1492,917,4695,4701,3270,3084,0.9529,5.18,0,,
2025-11-14,-95,False,LUAT,1809090309,1763581019,-0.0252,-0.0315,-0.0566,0.6855,0.6639,-0.0112,-0.03,1061,1454,872,4747,4888,3289,3103,0.9597,4.98,0,,
2025-11-15,-94,False,LUAT,1843404742,1804269181,-0.0212,-0.0322,-0.0547,0.7027,0.6801,-0.0081,-0.0267,1073,1712,972,5071,5281,3310,3129,0.9587,5.05,0,,
2025-11-16,-93,False,LUAT,1875819938,1823231677,-0.028,-0.0374,-0.0635,0.7119,0.6852,-0.0112,-0.031,1116,1836,1040,5063,5237,3372,3158,0.9605,4.99,0,,
2025-11-17,-92,False,LUAT,1766204778,1742826922,-0.0132,-0.019,-0.0511,0.6692,0.6564,-0.0597,-0.026,1014,1592,914,4718,4900,3212,3048,0.9556,4.82,0,,
2025-11-18,-91,False,LUAT,1774932180,1755694272,-0.0108,-0.0183,-0.0389,0.6691,0.6569,-0.0371,-0.0201,1052,1512,810,4715,4860,3210,3085,0.9596,4.85,0,,
2025-11-19,-90,False,LUAT,1787285064,1741991761,-0.0253,-0.0295,-0.051,0.6752,0.6553,-0.0327,-0.0276,1086,1476,881,4577,4739,3274,3107,0.9599,4.95,0,,
2025-11-20,-89,False,LUAT,1808784650,1772594666,-0.02,-0.0238,-0.0531,0.6799,0.6637,-0.0353,-0.0274,1047,1526,876,4780,4905,3260,3087,0.9591,4.97,0,,
2025-11-21,-88,False,LUAT,1819577861,1788960621,-0.0168,-0.025,-0.0523,0.6873,0.6701,-0.0294,-0.0276,1042,1518,877,4642,4811,3252,3082,0.9629,5.38,0,,
2025-11-22,-87,False,LUAT,1873419518,1849030428,-0.013,0.0065,-0.0232,0.7064,0.711,-0.0121,-0.0114,1296,1866,1239,5124,4998,3449,3369,0.9402,5.4,0,,
2025-11-23,-86,False,LUAT,1821605673,1785375771,-0.0199,0.0006,-0.0288,0.6893,0.6897,-0.0414,-0.0141,1197,1762,1238,5055,4914,3332,3236,0.9357,5.42,0,,
2025-11-24,-85,False,LUAT,1800482392,1772598725,-0.0155,0.0037,-0.0216,0.6818,0.6844,-0.0192,-0.0115,1126,1473,976,4640,4551,3245,3175,0.9378,5.49,0,,
2025-11-25,-84,False,LUAT,1783516288,1752818648,-0.0172,0.0026,-0.0154,0.6798,0.6816,-0.0222,-0.0079,1098,1544,1104,4650,4552,3187,3138,0.9357,5.69,0,,
2025-11-26,-83,False,LUAT,1813540396,1763700974,-0.0275,-0.0345,-0.0646,0.685,0.6613,-0.026,-0.0338,1090,1543,900,4845,4969,3342,3126,0.9608,5.46,0,,
2025-11-27,-82,False,LUAT,1778220775,1736421600,-0.0235,-0.0296,-0.0561,0.6707,0.6508,-0.0481,-0.0293,1009,1566,915,4601,4756,3226,3045,0.9571,5.59,0,,
2025-11-28,-81,False,LUAT,1822944458,1786819285,-0.0198,-0.0238,-0.0499,0.6887,0.6724,-0.0421,-0.0261,1084,1516,858,4777,4865,3286,3122,0.9592,5.61,0,,
2025-11-29,-80,False,LUAT,1857820033,1814337073,-0.0234,-0.0323,-0.0581,0.7006,0.678,-0.0272,-0.0286,1138,1719,959,5129,5267,3372,3176,0.9616,5.77,0,,
2025-11-30,-79,False,LUAT,1836832165,1790190976,-0.0254,-0.0324,-0.0576,0.6977,0.6751,-0.021,-0.0286,1145,1666,957,5150,5309,3387,3192,0.9551,5.54,0,,
2025-12-01,-78,False,LUAT,1784835558,1735067413,-0.0279,-0.034,-0.0555,0.6754,0.6524,-0.0381,-0.0298,1089,1494,837,4612,4825,3282,3100,0.9587,5.47,0,,
2025-12-02,-77,False,LUAT,1780501513,1733711796,-0.0263,-0.0326,-0.0599,0.6749,0.6529,-0.0425,-0.031,1067,1550,862,4799,5010,3289,3092,0.9564,5.58,0,,
2025-12-03,-76,False,LUAT,1816369347,1770856138,-0.0251,-0.0351,-0.0585,0.6883,0.6642,-0.0203,-0.0305,999,1543,881,4647,4737,3233,3044,0.9638,5.66,0,,
2025-12-04,-75,False,LUAT,1809325293,1762589693,-0.0258,-0.0319,-0.0594,0.6863,0.6645,-0.0228,-0.0309,1048,1483,815,4791,4936,3267,3073,0.9592,5.56,0,,
2025-12-05,-74,False,LUAT,1826140669,1766485147,-0.0327,-0.0388,-0.0573,0.6907,0.6639,-0.0232,-0.0299,1041,1601,920,4649,4792,3262,3075,0.9532,5.53,0,,
2025-12-06,-73,False,LUAT,1868915581,1812101059,-0.0304,-0.0415,-0.0647,0.7098,0.6803,-0.002,-0.0322,1163,1781,992,5092,5244,3417,3196,0.9637,5.42,0,,
2025-12-07,-72,False,LUAT,1872187284,1821497110,-0.0271,-0.037,-0.0606,0.7071,0.681,-0.0151,-0.0294,1171,1878,1012,5167,5438,3416,3209,0.9635,5.53,0,,
2025-12-08,-71,False,LUAT,1778089080,1747059555,-0.0175,-0.023,-0.0518,0.675,0.6595,-0.0245,-0.0265,1106,1501,863,4923,5068,3285,3115,0.955,5.51,0,,
2025-12-09,-70,False,LUAT,1783368695,1737390588,-0.0258,-0.0284,-0.0609,0.6789,0.6596,-0.0221,-0.0314,1053,1533,912,4800,4908,3265,3066,0.9541,5.58,0,,
2025-12-10,-69,False,LUAT,1774375304,1732558182,-0.0236,-0.0277,-0.0465,0.6735,0.6549,-0.0451,-0.024,1095,1442,872,4849,4961,3248,3097,0.955,5.46,0,,
2025-12-11,-68,False,LUAT,1794413862,1752437954,-0.0234,-0.0314,-0.0567,0.6824,0.661,-0.0431,-0.0297,1051,1484,812,4745,4885,3260,3075,0.9582,5.49,0,,
2025-12-12,-67,False,LUAT,1818512921,1771503994,-0.0259,-0.0325,-0.0492,0.6842,0.6619,-0.038,-0.025,1091,1595,894,4837,5046,3270,3109,0.9617,5.59,0,,
2025-12-13,-66,False,LUAT,1883893591,1834044923,-0.0265,-0.0406,-0.0631,0.7173,0.6882,0.0074,-0.0322,1211,1777,1001,5015,5226,3470,3251,0.9636,5.5,0,,
2025-12-14,-65,False,LUAT,1872593247,1829346645,-0.0231,-0.035,-0.058,0.7115,0.6866,-0.0142,-0.0283,1141,1859,1007,5075,5327,3377,3181,0.9635,5.62,0,,
2025-12-15,-64,False,LUAT,1857358670,1809887006,-0.0256,-0.0334,-0.0573,0.7014,0.678,0.0008,-0.0305,1097,1587,904,4684,4898,3335,3144,0.9604,5.61,0,,
2025-12-16,-63,False,LUAT,1836622048,1797805859,-0.0211,-0.0311,-0.0447,0.6945,0.6729,-0.0344,-0.0235,1086,1589,853,4673,4787,3285,3138,0.9597,5.68,0,,
2025-12-17,-62,False,LUAT,1808210824,1756118548,-0.0288,-0.0366,-0.0639,0.6877,0.6626,-0.0184,-0.0334,1034,1533,871,4725,4910,3271,3062,0.9588,5.5,0,,
2025-12-18,-61,False,LUAT,1828182391,1797746355,-0.0166,-0.0246,-0.0535,0.6937,0.6767,-0.0101,-0.0286,1113,1428,795,4785,4982,3325,3147,0.9603,5.58,0,,
2025-12-19,-60,False,LUAT,1804035250,1753826928,-0.0278,-0.0345,-0.0567,0.6826,0.6591,-0.0201,-0.0297,1038,1549,863,4650,4821,3245,3061,0.9581,5.32,0,,
2025-12-20,-59,False,LUAT,1886496249,1839258595,-0.025,-0.0385,-0.0584,0.7151,0.6876,0.0057,-0.0288,1171,1735,996,5215,5352,3426,3226,0.9656,5.47,0,,
2025-12-21,-58,False,LUAT,1856029299,1801589494,-0.0293,-0.0393,-0.068,0.707,0.6792,-0.0174,-0.0336,1146,1865,1099,5069,5304,3424,3191,0.959,5.48,0,,
2025-12-22,-57,False,LUAT,1803660544,1767822670,-0.0199,-0.0291,-0.0529,0.6877,0.6677,-0.0199,-0.0277,1062,1540,894,4701,4894,3272,3099,0.9598,5.53,0,,
2025-12-23,-56,False,LUAT,1772746768,1734812405,-0.0214,-0.0284,-0.0534,0.6701,0.6511,-0.0402,-0.0279,1074,1509,850,4721,4896,3260,3086,0.9564,5.55,0,,
2025-12-24,-55,False,LUAT,1785274602,1755363347,-0.0168,-0.0246,-0.0474,0.6784,0.6617,-0.0335,-0.0244,1047,1539,854,4777,4958,3246,3092,0.9576,5.26,0,,
2025-12-25,-54,False,LUAT,1750188423,1706784189,-0.0248,-0.0297,-0.056,0.6663,0.6466,-0.0334,-0.0302,1066,1350,790,4669,4757,3252,3070,0.9548,5.61,0,,
2025-12-26,-53,False,LUAT,1832103004,1798565038,-0.0183,-0.0238,-0.0522,0.6928,0.6763,-0.027,-0.0284,1098,1509,849,4574,4699,3317,3144,0.9582,5.54,0,,
2025-12-27,-52,False,LUAT,1829796142,1781463086,-0.0264,-0.0344,-0.0587,0.6978,0.6738,-0.0006,-0.0283,1114,1754,1023,5165,5348,3339,3143,0.9572,5.47,0,,
2025-12-28,-51,False,LUAT,1886716821,1830687381,-0.0297,-0.0398,-0.0623,0.7115,0.6832,-0.0023,-0.0313,1171,1775,974,5052,5255,3433,3219,0.9643,5.29,0,,
2025-12-29,-50,False,LUAT,1779237476,1748597703,-0.0172,-0.0253,-0.0499,0.6784,0.6613,-0.0407,-0.0255,1049,1611,912,4737,4890,3247,3085,0.9539,5.6,0,,
2025-12-30,-49,False,LUAT,1817217400,1773408864,-0.0241,-0.033,-0.0551,0.6918,0.6689,-0.0149,-0.0294,1114,1547,868,4677,4820,3324,3141,0.9598,5.6,0,,
2025-12-31,-48,False,LUAT,1836997252,1774523754,-0.034,-0.0389,-0.064,0.6963,0.6692,-0.0144,-0.0353,1125,1415,807,4711,4872,3376,3160,0.9587,5.53,0,,
2026-01-01,-47,False,LUAT,1999872686,1943087388,-0.0284,-0.048,-0.0654,0.7573,0.721,0.0268,-0.0258,1327,2792,1557,6401,6765,3622,3385,0.9715,5.6,0,,
2026-01-02,-46,False,LUAT,1830022281,1791872994,-0.0208,-0.0304,-0.0587,0.6954,0.6742,-0.0168,-0.0317,1099,1515,882,4667,4764,3337,3141,0.96,5.43,0,,
2026-01-03,-45,False,LUAT,1887503085,1829682710,-0.0306,-0.0404,-0.0638,0.7215,0.6923,-0.0,-0.0318,1141,1719,969,5098,5352,3402,3185,0.9609,5.62,0,,
2026-01-04,-44,False,LUAT,1897428542,1849033531,-0.0255,-0.0374,-0.0623,0.7162,0.6894,-0.0139,-0.0317,1186,1776,1011,4997,5242,3452,3237,0.967,5.54,0,,
2026-01-05,-43,False,LUAT,1789906186,1782323769,-0.0042,-0.0115,-0.036,0.6758,0.668,-0.0466,-0.0189,1109,1523,857,4720,4812,3276,3158,0.9616,5.59,0,,
2026-01-06,-42,False,LUAT,1780821451,1750589365,-0.017,-0.0239,-0.0522,0.6754,0.6593,-0.0587,-0.027,1018,1502,867,4757,4794,3235,3066,0.9583,5.48,0,,
2026-01-07,-41,False,LUAT,1773595313,1734811967,-0.0219,-0.0258,-0.0443,0.6709,0.6536,-0.0601,-0.0233,1045,1385,817,4697,4814,3203,3061,0.9595,5.49,0,,
2026-01-08,-40,False,LUAT,1770946361,1732240967,-0.0219,-0.028,-0.0507,0.6733,0.6544,-0.0497,-0.0256,1038,1611,901,4759,4917,3217,3054,0.9575,5.49,0,,
2026-01-09,-39,False,LUAT,1799888369,1757270428,-0.0237,-0.0238,-0.0474,0.6769,0.6608,-0.042,-0.025,1060,1511,931,4607,4667,3230,3077,0.9552,5.63,0,,
2026-01-10,-38,False,LUAT,1873438601,1827546040,-0.0245,-0.034,-0.0624,0.7111,0.687,-0.0237,-0.0304,1106,1750,990,5158,5306,3365,3155,0.9616,5.51,0,,
2026-01-11,-37,False,LUAT,1842995801,1807170615,-0.0194,-0.0321,-0.0568,0.7031,0.6806,-0.0205,-0.0272,1116,1846,1087,5180,5304,3362,3171,0.959,5.33,0,,
2026-01-12,-36,False,LUAT,1821034355,1782795227,-0.021,-0.0306,-0.0569,0.6966,0.6753,-0.009,-0.0303,1129,1548,893,4746,4860,3357,3166,0.9574,5.68,0,,
2026-01-13,-35,False,LUAT,1752221371,1703308133,-0.0279,-0.0306,-0.0425,0.6642,0.6438,-0.0675,-0.0222,1063,1576,942,4605,4811,3227,3090,0.9515,5.88,0,,
2026-01-14,-34,False,LUAT,1791368345,1756899850,-0.0192,-0.0268,-0.0618,0.6807,0.6625,-0.0281,-0.0326,1071,1462,889,4763,4871,3286,3083,0.9607,5.85,0,,
2026-01-15,-33,False,LUAT,1781254703,1744062970,-0.0209,-0.0278,-0.0502,0.6759,0.6571,-0.026,-0.0266,1110,1588,957,4607,4759,3288,3123,0.9568,5.71,0,,
2026-01-16,-32,False,LUAT,1820500909,1783032320,-0.0206,-0.0304,-0.0592,0.6913,0.6704,-0.018,-0.0309,1062,1598,924,4707,4933,3295,3100,0.9632,5.46,0,,
2026-01-17,-31,False,LUAT,1870707297,1806986008,-0.0341,-0.0393,-0.0674,0.7026,0.6749,-0.024,-0.0327,1054,1688,998,5163,5346,3324,3100,0.9588,5.59,0,,
2026-01-18,-30,False,LUAT,1804040775,1765284007,-0.0215,-0.042,-0.0344,0.6828,0.6541,-0.0089,-0.0178,1396,1675,1030,5290,5744,3609,3485,0.957,5.73,0,,
2026-01-19,-29,False,LUAT,1780701755,1747770047,-0.0185,-0.0338,-0.0231,0.6674,0.6448,-0.0189,-0.0128,1305,1518,928,4786,5205,3507,3426,0.9541,5.65,0,,
2026-01-20,-28,False,LUAT,1720247387,1685779208,-0.02,-0.0305,-0.0299,0.6449,0.6253,-0.037,-0.0164,1239,1456,984,4839,5220,3447,3344,0.951,5.47,0,,
2026-01-21,-27,False,LUAT,1785081806,1742181967,-0.024,-0.0395,-0.0281,0.6714,0.6449,-0.0086,-0.0155,1248,1529,958,4742,5178,3448,3351,0.9529,5.42,0,,
2026-01-22,-26,False,LUAT,1760005202,1715185571,-0.0255,-0.0429,-0.0337,0.659,0.6308,-0.0263,-0.0185,1270,1467,895,4872,5289,3476,3359,0.9569,5.28,0,,
2026-01-23,-25,False,LUAT,1785375913,1752727316,-0.0183,-0.0346,-0.0293,0.6689,0.6457,-0.0158,-0.0165,1323,1488,858,4771,5265,3513,3410,0.9562,5.3,0,,
2026-01-24,-24,False,LUAT,1801641435,1753340817,-0.0268,-0.0464,-0.039,0.6805,0.6489,0.0082,-0.0203,1414,1782,1056,5212,5738,3641,3499,0.9565,4.89,0,,
2026-01-25,-23,False,LUAT,1791891645,1755458638,-0.0203,-0.0388,-0.0366,0.6711,0.6451,-0.0158,-0.0186,1357,1733,1038,5317,5756,3575,3444,0.9612,4.89,0,,
2026-01-26,-22,False,LUAT,1758073377,1725402566,-0.0186,-0.0338,-0.0328,0.6596,0.6374,-0.0264,-0.0176,1292,1618,977,4872,5345,3478,3364,0.9565,4.88,0,,
2026-01-27,-21,True,LUAT,1696217027,1677530677,-0.011,-0.032,-0.0401,0.6162,0.5965,-0.0579,-0.0192,1030,1242,796,5425,5894,3191,3063,1.0046,4.91,0,,
2026-01-28,-20,True,LUAT,1732223618,1719934688,-0.0071,-0.0293,-0.0326,0.6227,0.6045,-0.0721,-0.0156,1113,1267,757,5586,5952,3280,3173,1.0046,5.35,0,,
2026-01-29,-19,True,LUAT,1717574879,1695111146,-0.0131,-0.0313,-0.0353,0.6196,0.6002,-0.0757,-0.0165,1037,1278,807,5574,5924,3201,3088,1.0078,5.23,0,,
2026-01-30,-18,True,LUAT,1688356272,1675415116,-0.0077,-0.0268,-0.0352,0.6092,0.5929,-0.0628,-0.0166,1070,1272,755,5584,5982,3235,3121,1.0047,5.45,0,,
2026-01-31,-17,True,LUAT,1821073423,1803513572,-0.0096,-0.0353,-0.0418,0.6579,0.6347,-0.0252,-0.0185,1222,1567,938,6203,6739,3446,3302,1.012,5.2,0,,
2026-02-01,-16,True,LUAT,1803653556,1771591115,-0.0178,-0.0439,-0.048,0.6527,0.6241,-0.0317,-0.0215,1218,1567,954,6193,6713,3482,3315,1.0055,5.43,0,,
2026-02-02,-15,True,LUAT,1772878981,1756452315,-0.0093,-0.0363,-0.0383,0.6407,0.6174,-0.0279,-0.0179,1145,1382,817,5761,6249,3342,3214,1.0121,5.63,0,,
2026-02-03,-14,True,LUAT,1438178752,1449479357,0.0079,-0.0093,-0.0128,0.5347,0.5297,-0.1096,-0.0055,990,997,562,5707,5913,2893,2856,0.9984,5.62,0,,
2026-02-04,-13,True,LUAT,1475195919,1482857350,0.0052,-0.012,-0.0258,0.5489,0.5423,-0.1093,-0.0112,946,1004,553,5780,6053,2946,2870,1.0001,5.51,0,,
2026-02-05,-12,True,LUAT,1430521266,1443735170,0.0092,-0.0039,-0.0143,0.5343,0.5322,-0.1192,-0.0059,921,1073,602,5871,6104,2864,2823,0.9928,5.47,0,,
2026-02-06,-11,True,LUAT,1458725704,1479441728,0.0142,0.0008,-0.0085,0.5406,0.5411,-0.1031,-0.0037,1022,1033,541,5759,6038,2928,2903,0.9981,5.56,0,,
2026-02-07,-10,True,LUAT,1493259458,1505942811,0.0085,-0.0055,-0.0125,0.5531,0.55,-0.1089,-0.0047,1021,1334,721,6483,6841,2964,2927,1.0003,5.56,0,,
2026-02-08,-9,True,LUAT,1538346688,1550021359,0.0076,-0.0034,-0.0235,0.5699,0.5679,-0.1056,-0.0091,1090,1391,769,6653,7008,3109,3036,0.9975,5.32,0,,
2026-02-09,-8,True,LUAT,1510267893,1531319949,0.0139,-0.0025,-0.0165,0.5635,0.5621,-0.1087,-0.0067,1012,1121,614,6149,6429,2977,2928,0.9969,5.47,0,,
2026-02-10,-7,True,LUAT,1490593680,1503473893,0.0086,-0.0057,-0.0162,0.5526,0.5495,-0.1009,-0.0065,1067,1174,633,6342,6641,3028,2979,1.001,5.6,0,,
2026-02-11,-6,True,LUAT,1467800762,1482966591,0.0103,-0.0039,-0.0167,0.5474,0.5453,-0.1045,-0.0063,982,1242,701,6525,6778,2942,2893,0.9941,5.41,0,,
2026-02-12,-5,True,LUAT,1531961111,1551820589,0.013,-0.0062,-0.0166,0.5701,0.5666,-0.0983,-0.0065,1084,1345,731,6504,6812,3079,3028,0.9957,5.5,0,,
2026-02-13,-4,True,LUAT,1541320344,1566418439,0.0163,-0.0017,-0.0157,0.5719,0.5709,-0.0976,-0.006,1108,1461,779,6748,7107,3129,3080,0.9944,5.35,0,,
2026-02-14,-3,True,LUAT,1603112692,1613832033,0.0067,-0.0107,-0.0244,0.5929,0.5866,-0.0807,-0.0088,1270,1794,1015,7420,7826,3316,3235,1.0005,5.5,0,,
2026-02-15,-2,True,LUAT,1607982455,1630054497,0.0137,-0.0044,-0.0295,0.5927,0.5901,-0.0847,-0.01,1244,1982,1140,7732,8200,3291,3194,0.9992,5.57,0,,
2026-02-16,-1,True,LUAT,1624137741,1633970249,0.0061,-0.0094,-0.0152,0.598,0.5924,-0.069,-0.0055,1249,1701,963,7422,7874,3279,3229,0.9971,5.42,0,,
2026-02-17,0,True,LUAT,1865493274,1866513752,0.0005,-0.0213,-0.0413,0.6792,0.6647,-0.031,-0.0118,1668,3327,1872,10308,11066,3894,3733,1.0082,5.61,0,,
2026-02-18,1,True,LUAT,1607257915,1617975210,0.0067,-0.0107,-0.0224,0.5962,0.5898,-0.0905,-0.0079,1219,1815,1054,7424,7833,3265,3192,0.9974,5.76,0,,
2026-02-19,2,True,LUAT,1558427103,1580082322,0.0139,-0.0031,-0.0276,0.5767,0.5749,-0.0971,-0.0098,1169,1691,936,7259,7705,3192,3104,1.0032,5.97,0,,
2026-02-20,3,True,LUAT,1542449543,1553382463,0.0071,-0.0056,-0.0167,0.5721,0.5689,-0.0904,-0.0062,1141,1526,862,6911,7241,3118,3066,0.995,5.68,0,,
2026-02-21,4,True,LUAT,1553336873,1566734495,0.0086,-0.0083,-0.0196,0.5759,0.5712,-0.0915,-0.0067,1186,1815,1026,7469,7925,3165,3103,1.0031,5.27,0,,
2026-02-22,5,True,LUAT,1584958063,1606974630,0.0139,-0.0014,-0.013,0.5834,0.5826,-0.087,-0.0047,1155,1693,941,7073,7473,3163,3122,0.9994,5.36,0,,
2026-02-23,6,True,LUAT,1477695700,1481069296,0.0023,-0.0151,-0.0265,0.5494,0.5411,-0.123,-0.01,1033,1400,755,6477,6849,2980,2901,0.9965,5.4,0,,
2026-02-24,7,True,LUAT,1439153906,1450969832,0.0082,-0.0055,-0.0138,0.5354,0.5325,-0.1258,-0.0053,972,1220,683,6274,6596,2908,2868,0.9965,5.48,0,,
2026-02-25,8,True,LUAT,1511192125,1523855305,0.0084,-0.0062,-0.0241,0.5626,0.5591,-0.1188,-0.0097,1014,1103,592,6412,6667,3028,2955,0.9974,5.6,0,,
2026-02-26,9,True,LUAT,1424033839,1445734312,0.0152,0.0001,-0.0166,0.5325,0.5326,-0.1052,-0.0066,987,1090,614,6129,6362,2893,2845,0.9965,5.56,0,,
2026-02-27,10,True,LUAT,1465128516,1481741920,0.0113,-0.0027,-0.0126,0.5449,0.5434,-0.1153,-0.0052,985,1112,599,5971,6272,2930,2893,0.9969,5.46,0,,
2026-02-28,11,True,LUAT,1486758232,1501648952,0.01,-0.0051,-0.0232,0.5537,0.5508,-0.1213,-0.009,985,1255,688,6384,6675,2977,2908,0.9978,5.6,0,,
2026-03-01,12,True,LUAT,1505977043,1519943469,0.0093,-0.0022,-0.0147,0.5591,0.5579,-0.1039,-0.006,1102,1285,695,6231,6561,3064,3019,0.9938,5.46,0,,
2026-03-02,13,True,LUAT,1459961862,1477730802,0.0122,0.0009,-0.0158,0.5381,0.5386,-0.1111,-0.0068,905,925,467,5690,5971,2847,2802,1.0012,5.33,0,,
2026-03-03,14,True,LUAT,1489861246,1489512690,-0.0002,-0.016,-0.0261,0.5514,0.5426,-0.1229,-0.0119,979,883,464,5593,5766,2954,2877,0.9984,5.31,0,,
2026-03-04,15,True,LUAT,1422891270,1432940407,0.0071,-0.0056,-0.0158,0.5301,0.5272,-0.1142,-0.0068,947,941,527,5677,5870,2849,2804,0.9987,5.36,0,,
2026-03-05,16,True,LUAT,1422056278,1439161240,0.012,-0.0018,-0.0149,0.5305,0.5295,-0.1178,-0.0063,822,834,437,5625,5786,2747,2706,0.9983,5.44,0,,
2026-03-06,17,True,LUAT,1425406876,1442238789,0.0118,-0.0009,-0.0117,0.5329,0.5325,-0.1186,-0.0051,905,893,477,5590,5802,2811,2778,0.9917,5.33,0,,
2026-03-07,18,True,LUAT,1476265921,1492377884,0.0109,-0.0016,-0.0119,0.5506,0.5497,-0.1244,-0.0048,895,1022,558,5994,6276,2869,2835,0.9931,5.51,0,,
2026-03-08,19,True,LUAT,1470153958,1486240697,0.0109,-0.0012,-0.0214,0.5452,0.5445,-0.1267,-0.009,948,1104,618,5898,6140,2943,2880,0.9962,5.38,0,,
2026-03-09,20,True,LUAT,1747761061,1732540057,-0.0087,-0.0306,-0.0385,0.6263,0.6071,-0.0881,-0.0184,1034,1302,807,5491,5855,3246,3121,1.0075,5.48,0,,
2026-03-10,21,True,LUAT,1678427789,1657566763,-0.0124,-0.0319,-0.0381,0.6068,0.5874,-0.0846,-0.0177,980,1199,719,5568,5921,3150,3030,1.0036,5.32,0,,
2026-03-11,22,False,LUAT,1773859277,1742259010,-0.0178,-0.0318,-0.0351,0.668,0.6468,-0.005,-0.0189,1338,1588,1003,4984,5506,3533,3409,0.955,5.53,0,,
2026-03-12,23,False,LUAT,1773275121,1739925624,-0.0188,-0.0334,-0.0312,0.6648,0.6426,-0.0197,-0.0173,1323,1505,921,4840,5245,3520,3410,0.9562,5.44,0,,
2026-03-13,24,False,LUAT,1735551864,1693456093,-0.0243,-0.0368,-0.0378,0.6513,0.6273,-0.0011,-0.0204,1290,1514,954,4958,5378,3489,3357,0.955,5.4,0,,
2026-03-14,25,False,LUAT,1805966259,1780207603,-0.0143,-0.0319,-0.0368,0.6759,0.6543,0.0066,-0.0183,1371,1776,1100,5481,6009,3612,3479,0.9566,5.67,0,,
2026-03-15,26,False,LUAT,1840335817,1788132089,-0.0284,-0.0449,-0.0408,0.6856,0.6548,0.0008,-0.0206,1423,1749,1107,5481,5962,3656,3507,0.9617,5.52,0,,
2026-03-16,27,False,LUAT,1741458117,1718295713,-0.0133,-0.0309,-0.034,0.6556,0.6354,-0.0247,-0.019,1275,1426,888,4777,5207,3471,3353,0.9565,5.47,0,,
2026-03-17,28,False,LUAT,1745180338,1696394851,-0.028,-0.0426,-0.0341,0.655,0.6271,-0.0247,-0.0184,1215,1485,932,4803,5226,3406,3290,0.9563,5.63,0,,
2026-03-18,29,False,LUAT,1760434338,1716616321,-0.0249,-0.0363,-0.0311,0.6603,0.6364,-0.0226,-0.0171,1319,1463,943,4904,5285,3510,3401,0.9523,5.82,0,,
2026-03-19,30,False,LUAT,1725935716,1683250741,-0.0247,-0.0391,-0.0385,0.6475,0.6222,-0.0306,-0.0202,1227,1551,927,4973,5407,3430,3298,0.9552,5.62,0,,
2026-03-20,31,False,LUAT,1826109225,1777901503,-0.0264,-0.0311,-0.0602,0.6901,0.6687,-0.0228,-0.0323,1073,1475,834,4655,4758,3287,3089,0.9581,5.52,0,,
2026-03-21,32,False,LUAT,1897441028,1855878759,-0.0219,-0.0362,-0.0563,0.7221,0.6959,0.0085,-0.0273,1124,1843,1032,5078,5301,3358,3169,0.9641,5.81,0,,
2026-03-22,33,False,LUAT,1881354609,1830309967,-0.0271,-0.0395,-0.0626,0.7172,0.6889,-0.006,-0.0306,1161,1850,1077,5149,5416,3416,3202,0.9613,5.93,0,,
2026-03-23,34,False,LUAT,1836011335,1802685781,-0.0182,-0.0247,-0.0495,0.6907,0.6737,-0.0331,-0.0267,1102,1442,749,4696,4862,3316,3152,0.9597,5.98,0,,
2026-03-24,35,False,LUAT,1805721653,1762063948,-0.0242,-0.0311,-0.0564,0.6809,0.6597,-0.0428,-0.0296,1075,1506,864,4748,4914,3282,3097,0.9611,5.8,0,,
2026-03-25,36,False,LUAT,1756903272,1719806506,-0.0211,-0.0277,-0.0487,0.6675,0.649,-0.0447,-0.0252,1013,1591,911,4591,4785,3201,3045,0.9577,5.69,0,,
2026-03-26,37,False,LUAT,1835652242,1787833723,-0.026,-0.0353,-0.0637,0.6925,0.6681,-0.0205,-0.035,1082,1424,805,4655,4812,3344,3131,0.9618,5.57,0,,
2026-03-27,38,False,LUAT,1804709600,1756729588,-0.0266,-0.0301,-0.0559,0.6882,0.6675,-0.0026,-0.0298,1102,1538,852,4703,4969,3328,3142,0.9541,5.63,0,,
2026-03-28,39,False,LUAT,1914721570,1845502991,-0.0362,-0.0507,-0.0735,0.7289,0.692,-0.0006,-0.0365,1109,1805,1023,5070,5357,3413,3162,0.9637,5.68,0,,
2026-03-29,40,False,LUAT,1836383788,1804899659,-0.0171,-0.0283,-0.0498,0.6961,0.6764,-0.0197,-0.0245,1167,1779,1032,5043,5215,3356,3189,0.9589,5.56,0,,
2026-03-30,41,False,LUAT,1771194510,1726990083,-0.025,-0.0324,-0.0525,0.6747,0.6529,-0.0284,-0.0279,1068,1485,885,4651,4720,3255,3084,0.956,5.58,0,,
2026-03-31,42,False,LUAT,1799730705,1775435938,-0.0135,-0.0179,-0.0448,0.678,0.6659,-0.0671,-0.0227,1040,1574,948,4812,4950,3240,3095,0.9559,5.61,0,,
2026-04-01,43,False,LUAT,1799256248,1761515967,-0.021,-0.0323,-0.0482,0.6855,0.6634,-0.0222,-0.0247,1034,1638,954,4646,4835,3219,3064,0.9603,5.59,0,,
2026-04-02,44,False,LUAT,1766358288,1723729820,-0.0241,-0.0308,-0.0509,0.6719,0.6512,-0.0328,-0.0252,1001,1614,905,4823,5065,3182,3020,0.9572,5.57,0,,
2026-04-03,45,False,LUAT,1752626893,1721787379,-0.0176,-0.0258,-0.0452,0.6666,0.6494,-0.0377,-0.0237,1038,1500,881,4581,4791,3189,3045,0.9574,5.63,0,,
2026-04-04,46,False,LUAT,1852747993,1803319975,-0.0267,-0.0386,-0.0597,0.7068,0.6795,-0.0072,-0.0281,1086,1904,1131,5169,5440,3333,3134,0.9587,5.66,0,,
2026-04-05,47,False,LUAT,1900033236,1844424134,-0.0293,-0.0428,-0.0653,0.7207,0.6899,0.0242,-0.0317,1166,1862,1045,5200,5473,3431,3207,0.9661,5.92,0,,
2026-04-06,48,False,LUAT,1772753835,1735978154,-0.0207,-0.0261,-0.0501,0.6736,0.6561,-0.0444,-0.0265,1059,1465,878,4658,4789,3236,3074,0.9563,5.76,0,,
2026-04-07,49,False,LUAT,1817102371,1762461440,-0.0301,-0.0364,-0.0545,0.6874,0.6624,-0.0321,-0.0284,1034,1502,902,4699,4841,3232,3056,0.9586,5.7,0,,
2026-04-08,50,False,LUAT,1802170945,1763159138,-0.0216,-0.0299,-0.0514,0.6854,0.6649,-0.031,-0.0266,1073,1554,895,4760,4922,3266,3098,0.9574,5.67,0,,
2026-04-09,51,False,LUAT,1779574985,1731734219,-0.0269,-0.0306,-0.0532,0.6755,0.6548,-0.0443,-0.0273,1015,1481,867,4791,4927,3215,3044,0.9568,5.59,0,,
2026-04-10,52,False,LUAT,1820075102,1780502079,-0.0217,-0.0313,-0.0563,0.6928,0.6711,-0.0333,-0.0301,1092,1519,852,4697,4819,3322,3135,0.9586,5.56,0,,
2026-04-11,53,False,LUAT,1823799517,1786585324,-0.0204,-0.0326,-0.0542,0.6947,0.672,-0.0201,-0.0269,1139,1776,1018,5000,5146,3359,3177,0.9644,5.59,0,,
2026-04-12,54,False,LUAT,1831002416,1767954422,-0.0344,-0.0401,-0.0583,0.6943,0.6665,-0.0295,-0.028,1151,1787,1022,5248,5499,3381,3184,0.9564,5.77,0,,
2026-04-13,55,False,LUAT,1780854199,1740572334,-0.0226,-0.028,-0.0548,0.6762,0.6572,-0.0442,-0.0289,1040,1511,826,4611,4799,3230,3053,0.9572,5.58,0,,
2026-04-14,56,False,LUAT,1798916459,1758792598,-0.0223,-0.0321,-0.0619,0.6843,0.6623,-0.0081,-0.0335,1066,1472,865,4650,4859,3310,3105,0.9571,5.77,0,,
2026-04-15,57,False,LUAT,1793220481,1743104477,-0.0279,-0.0347,-0.0558,0.6779,0.6544,-0.0325,-0.0296,1061,1555,897,4627,4791,3279,3096,0.9609,5.68,0,,
2026-04-16,58,False,LUAT,1787650183,1756181052,-0.0176,-0.023,-0.0462,0.6763,0.6608,-0.0451,-0.0244,1033,1473,811,4627,4866,3227,3078,0.954,6.17,0,,
2026-04-17,59,False,LUAT,1808109089,1760582873,-0.0263,-0.0322,-0.0605,0.6886,0.6664,-0.0225,-0.0304,1035,1653,903,4821,5093,3254,3057,0.9568,6.15,0,,
2026-04-18,60,False,LUAT,1844359996,1806277209,-0.0206,-0.0333,-0.0595,0.7001,0.6768,-0.0051,-0.0289,1114,1805,1007,5110,5366,3359,3159,0.9621,6.35,0,,
2026-04-19,61,False,LUAT,1867118580,1821879432,-0.0242,-0.035,-0.0603,0.7039,0.6792,-0.0095,-0.0301,1167,1762,946,5091,5287,3414,3208,0.9636,6.36,0,,
2026-04-20,62,False,LUAT,1798921870,1750636851,-0.0268,-0.0297,-0.0508,0.6775,0.6574,-0.0414,-0.026,1041,1591,894,4752,4958,3245,3080,0.9567,6.17,0,,
2026-04-21,63,False,LUAT,1806152551,1769244749,-0.0204,-0.0278,-0.0533,0.6821,0.6631,-0.0435,-0.0278,1046,1543,893,4722,4870,3263,3089,0.9601,6.29,0,,
2026-04-22,64,False,LUAT,1786746128,1751972478,-0.0195,-0.027,-0.0524,0.6776,0.6592,-0.0366,-0.0268,1033,1522,906,4774,4907,3224,3055,0.9601,5.78,0,,
2026-04-23,65,False,LUAT,1787906596,1757723351,-0.0169,-0.0252,-0.0437,0.6759,0.6589,-0.0719,-0.0234,1133,1508,857,4650,4838,3294,3150,0.9584,5.8,0,,
2026-04-24,66,False,LUAT,1780409634,1727810601,-0.0295,-0.0368,-0.0604,0.6771,0.6522,-0.0506,-0.0316,1105,1554,878,4804,4981,3329,3128,0.9573,5.62,0,,
2026-04-25,67,False,LUAT,1891013578,1820712487,-0.0372,-0.0459,-0.0684,0.7145,0.6816,-0.0129,-0.0346,1203,1701,927,5197,5508,3492,3253,0.9609,5.74,0,,
2026-04-26,68,False,LUAT,1876266838,1827962915,-0.0257,-0.0375,-0.0645,0.7054,0.679,-0.0175,-0.0345,1290,1645,948,4998,5241,3548,3319,0.9632,5.63,0,,
2026-04-27,69,False,LUAT,1831150058,1786687675,-0.0243,-0.0293,-0.0576,0.6942,0.6739,-0.0492,-0.0303,1136,1561,880,4883,5107,3383,3188,0.9561,5.54,0,,
2026-04-28,70,False,LUAT,1806937628,1757862039,-0.0272,-0.036,-0.0581,0.6874,0.6627,-0.0117,-0.0306,1186,1515,875,4950,5260,3409,3211,0.9589,5.73,0,,
2026-04-29,71,False,LUAT,1830825568,1778903637,-0.0284,-0.0368,-0.0597,0.6963,0.6707,-0.0006,-0.0313,1166,1540,896,4911,5094,3383,3181,0.9586,5.55,0,,
2026-04-30,72,False,LUAT,1356075088,1304147264,-0.0383,-0.0301,-0.0355,0.5095,0.4941,-0.1666,-0.159,816,0,2,610,695,2731,2634,0.952,5.71,0,,
2026-05-01,73,False,AI,1346785097,1274410814,-0.0537,-0.0819,-0.0932,0.5062,0.4647,-0.1602,-0.4305,692,0,1,590,841,2724,2470,0.9855,5.71,0,,
2026-05-02,74,False,AI,1163829036,1139169149,-0.0212,-0.0039,-0.0154,0.4326,0.4309,-0.2877,-0.0667,602,0,1,540,574,2342,2306,0.9388,5.83,0,,
2026-05-03,75,False,AI,1167993996,1145134518,-0.0196,-0.0025,-0.0108,0.4298,0.4287,-0.2846,-0.0459,562,0,0,545,569,2312,2287,0.9455,5.7,0,,
2026-05-04,76,False,AI,1862240001,1819483069,-0.023,-0.0367,-0.0601,0.7056,0.6797,-0.0192,-0.0324,1218,1449,824,4968,5235,3460,3252,0.9616,5.79,0,,
2026-05-05,77,False,AI,1818170318,1777138817,-0.0226,-0.0329,-0.0645,0.6921,0.6694,-0.0068,-0.0357,1249,1454,846,4846,5140,3490,3265,0.9589,5.86,0,,
2026-05-06,78,False,AI,1833119195,1811620669,-0.0117,-0.0229,-0.0522,0.6958,0.6799,-0.0216,-0.0279,1205,1506,904,4878,5104,3408,3230,0.9587,6.05,0,,
2026-05-07,79,False,AI,1803105376,1759087771,-0.0244,-0.0354,-0.0574,0.6862,0.662,-0.0277,-0.0304,1187,1409,821,5007,5248,3397,3202,0.958,5.95,0,,
2026-05-08,80,False,AI,1815703666,1776546692,-0.0216,-0.0317,-0.0522,0.6862,0.6644,-0.0167,-0.0285,1195,1356,780,4892,5162,3410,3232,0.9574,6.27,0,,
2026-05-09,81,False,AI,1848952207,1789955121,-0.0319,-0.0467,-0.0707,0.7023,0.6695,-0.0284,-0.0352,1188,1617,913,5337,5608,3466,3221,0.9634,6.05,0,,
2026-05-10,82,False,AI,1853657380,1807330743,-0.025,-0.0438,-0.0685,0.7072,0.6762,-0.0299,-0.0331,1168,1725,981,5405,5755,3447,3211,0.9655,5.66,0,,
2026-05-11,83,False,AI,1799950176,1754402368,-0.0253,-0.0397,-0.0603,0.6854,0.6582,-0.0526,-0.0321,1151,1499,873,4831,5131,3366,3163,0.9575,5.72,0,,
2026-05-12,84,False,AI,1803375657,1754237509,-0.0272,-0.0424,-0.0568,0.6875,0.6584,-0.0419,-0.0299,1151,1460,807,4966,5209,3378,3186,0.9605,5.88,0,,
2026-05-13,85,False,AI,1828064038,1785789220,-0.0231,-0.0383,-0.0634,0.6963,0.6696,-0.0399,-0.033,1130,1421,817,5064,5351,3378,3164,0.9621,5.77,0,,
2026-05-14,86,False,AI,1831447959,1788587701,-0.0234,-0.0382,-0.06,0.6965,0.6698,-0.0248,-0.0306,1071,1409,822,5084,5347,3317,3118,0.9635,5.91,0,,
2026-05-15,87,False,AI,1467117592,1473907245,0.0046,-0.0273,-0.0292,0.5773,0.5615,-0.1361,-0.0154,744,936,326,4263,4638,2736,2656,0.9699,5.9,0,,
2026-05-16,88,False,AI,1500663619,1519522191,0.0126,0.0124,-0.0054,0.5876,0.5949,-0.1283,-0.0025,862,1286,640,4738,4855,2800,2785,0.9453,5.39,0,,
2026-05-17,89,False,AI,1496424500,1516652700,0.0135,0.0125,-0.0083,0.5879,0.5952,-0.1211,-0.0039,836,1222,670,4704,4851,2777,2754,0.9423,5.63,0,,
2026-05-18,90,False,AI,1471738678,1485236729,0.0092,0.0086,-0.0026,0.5754,0.5803,-0.1113,-0.0013,838,991,475,4294,4419,2726,2719,0.9478,5.4,0,,
2026-05-19,91,False,AI,1450473609,1459322831,0.0061,0.0081,-0.0116,0.566,0.5706,-0.1107,-0.0059,752,856,420,4365,4495,2667,2636,0.9484,5.51,2334183000,0.6252,0.6214
2026-05-20,92,False,AI,1464732477,1482031810,0.0118,0.0122,-0.0022,0.5742,0.5812,-0.13,-0.0011,771,1002,505,4315,4383,2688,2682,0.944,5.92,2344999000,0.632,0.6246
2026-05-21,93,False,AI,1449298537,1460317358,0.0076,0.0098,-0.0056,0.568,0.5736,-0.1193,-0.0029,791,975,491,4239,4374,2693,2678,0.9448,5.94,2321586000,0.629,0.6243
2026-05-22,94,False,AI,1478082300,1486474331,0.0057,0.0089,-0.0033,0.5769,0.582,-0.119,-0.0017,793,916,427,4305,4403,2732,2723,0.9422,6.01,2326545000,0.6389,0.6353
2026-05-23,95,False,AI,1505193616,1528701336,0.0156,0.0122,-0.0065,0.5897,0.597,-0.1027,-0.0031,870,1245,677,4511,4629,2789,2771,0.951,6.16,2341410000,0.6529,0.6429
2026-05-24,96,False,AI,1496939714,1513008985,0.0107,0.0053,0.0,0.5857,0.5888,-0.1226,-0.0,828,1171,553,4635,4758,2739,2739,0.9484,6.2,2347280000,0.6446,0.6377
2026-05-25,97,False,AI,1448405047,1465144198,0.0116,0.0109,-0.0097,0.5686,0.5748,-0.1452,-0.0051,752,858,432,4272,4347,2675,2649,0.9493,6.17,2307180000,0.635,0.6278
2026-05-26,98,False,AI,1474507861,1479713774,0.0035,0.0026,-0.0082,0.5755,0.5769,-0.1108,-0.0042,799,1001,516,4249,4353,2697,2675,0.9501,6.16,2317626000,0.6385,0.6362
2026-05-27,99,False,AI,1460932886,1467179302,0.0043,0.0046,-0.0115,0.5723,0.5749,-0.1159,-0.0059,771,1013,475,4244,4394,2700,2669,0.9477,6.1,2279445000,0.6437,0.6409
2026-05-28,100,False,AI,1464950808,1489171594,0.0165,0.0147,-0.003,0.5755,0.5839,-0.1095,-0.0016,800,906,458,4202,4258,2708,2700,0.9484,9.02,2272162000,0.6554,0.6447
2026-05-29,101,False,AI,1462360529,1475718639,0.0091,0.0087,-0.0049,0.5715,0.5765,-0.1453,-0.0025,733,948,481,4240,4307,2657,2644,0.9467,8.56,2292262000,0.6438,0.638
2026-05-30,102,False,AI,1477254807,1507453136,0.0204,0.013,-0.0051,0.5807,0.5882,-0.1171,-0.0025,831,1096,554,4484,4600,2754,2740,0.9509,9.93,2286555000,0.6593,0.6461
2026-05-31,103,False,AI,1511395789,1519694386,0.0055,0.0019,-0.0124,0.5875,0.5887,-0.1072,-0.0062,859,1091,577,4532,4681,2816,2781,0.9503,12.05,2290665000,0.6634,0.6598
2026-06-01,104,False,AI,1442560813,1469428294,0.0186,0.0161,-0.0078,0.5674,0.5766,-0.1228,-0.0042,757,881,399,4093,4145,2683,2662,0.9492,15.28,2235755000,0.6572,0.6452
2026-06-02,105,False,AI,1445872042,1463452996,0.0122,0.011,-0.0117,0.5635,0.5697,-0.142,-0.0063,716,911,398,4015,4116,2644,2613,0.9511,14.18,2241923000,0.6528,0.6449
2026-06-03,106,False,AI,1467644530,1490447703,0.0155,0.0127,-0.012,0.5745,0.5818,-0.1278,-0.0063,801,982,497,4215,4290,2752,2719,0.944,11.31,2259122000,0.6597,0.6497
2026-06-04,107,False,AI,1464590825,1491042616,0.0181,0.0127,-0.0022,0.5728,0.5801,-0.1344,-0.0012,819,913,419,4181,4269,2733,2727,0.9523,8.47,2243927000,0.6645,0.6527
2026-06-05,108,False,AI,1454901200,1486459822,0.0217,0.0186,-0.0004,0.5718,0.5824,-0.1289,-0.0002,866,939,425,4176,4278,2752,2751,0.9486,6.17,2219268000,0.6698,0.6556
2026-06-06,109,False,AI,1501257853,1516385946,0.0101,0.0069,-0.01,0.5861,0.5902,-0.1115,-0.0049,845,1145,595,4524,4690,2791,2763,0.949,6.23,2235383000,0.6784,0.6716
2026-06-07,110,False,AI,1491913276,1515233692,0.0156,0.0074,-0.0108,0.5894,0.5937,-0.109,-0.0054,837,1107,535,4435,4619,2781,2751,0.9477,6.55,2220556000,0.6824,0.6719
2026-06-08,111,False,AI,1463984244,1486828422,0.0156,0.0095,-0.0037,0.5736,0.579,-0.1042,-0.002,845,861,378,4155,4259,2737,2727,0.9526,6.53,2192193000,0.6782,0.6678
2026-06-09,112,False,AI,1426611278,1446578855,0.014,0.011,-0.0135,0.5579,0.5641,-0.1437,-0.0073,751,865,425,4066,4177,2675,2639,0.9483,6.83,2206818000,0.6555,0.6465
2026-06-10,113,False,AI,1448168843,1465988164,0.0123,0.0079,-0.0097,0.5673,0.5717,-0.1278,-0.0051,768,976,442,4075,4198,2689,2663,0.9493,6.79,2184717000,0.671,0.6629
2026-06-11,114,False,AI,1434988327,1469298590,0.0239,0.0162,-0.0004,0.561,0.5701,-0.1455,-0.0002,794,918,445,4114,4187,2698,2697,0.9503,6.34,2173318000,0.6761,0.6603
2026-06-12,115,False,AI,1398913904,1432413735,0.0239,0.018,0.014,0.5478,0.5576,-0.1333,0.0073,809,931,451,4108,4187,2651,2688,0.9504,6.5,2153516000,0.6652,0.6496
2026-06-13,116,False,AI,1489992991,1501315971,0.0076,-0.0027,-0.0144,0.5821,0.5805,-0.1249,-0.0071,795,1243,595,4380,4511,2777,2737,0.9567,5.82,2193831000,0.6843,0.6792
2026-06-14,117,False,AI,1486598534,1509080455,0.0151,0.0095,-0.0047,0.5758,0.5812,-0.1244,-0.0023,840,1166,606,4457,4529,2790,2777,0.9551,5.8,2184233000,0.6909,0.6806
2026-06-15,118,False,AI,1444105837,1458023283,0.0096,0.0034,-0.0103,0.5631,0.565,-0.1445,-0.0056,768,925,431,4044,4133,2715,2687,0.9486,6.09,2157298000,0.6759,0.6694
2026-06-16,119,False,AI,1430866281,1461579525,0.0215,0.0137,-0.0057,0.5598,0.5675,-0.1304,-0.0031,718,928,426,3948,4063,2627,2612,0.9526,5.93,2139307000,0.6832,0.6688
2026-06-17,120,False,AI,1464221353,1485155101,0.0143,0.006,-0.0142,0.57,0.5735,-0.1237,-0.0078,785,867,397,4114,4194,2752,2713,0.9534,6.12,2146669000,0.6918,0.6821
2026-06-18,121,False,AI,1457394845,1485243767,0.0191,0.0116,-0.0004,0.5684,0.5751,-0.1337,-0.0002,750,896,413,4155,4244,2663,2662,0.9526,6.17,2146768000,0.6919,0.6789
2026-06-19,122,False,AI,1423150138,1456155892,0.0232,0.0137,-0.0022,0.558,0.5656,-0.1374,-0.0012,805,883,431,4015,4111,2706,2700,0.9526,6.3,2130260000,0.6836,0.6681
2026-06-20,123,False,AI,1499838984,1536133221,0.0242,0.0162,-0.0029,0.5861,0.5956,-0.1263,-0.0014,842,1149,542,4476,4570,2793,2785,0.9512,6.42,2165442000,0.7094,0.6926
2026-06-21,124,False,AI,1495474243,1531409314,0.024,0.0115,-0.0063,0.5841,0.5908,-0.1176,-0.0033,888,1103,544,4380,4474,2837,2819,0.952,6.13,2165543000,0.7072,0.6906
2026-06-22,125,False,AI,1445677210,1457688614,0.0083,0.0067,-0.0118,0.5625,0.5662,-0.1311,-0.0065,777,864,451,4056,4108,2705,2673,0.9493,6.0,2122294000,0.6868,0.6812
2026-06-23,126,False,AI,1418562619,1456472456,0.0267,0.0204,-0.0022,0.5567,0.5681,-0.1338,-0.0012,846,790,369,4084,4146,2757,2751,0.948,6.1,2114745000,0.6887,0.6708
2026-06-24,127,False,AI,1418070667,1449896886,0.0224,0.0135,-0.0034,0.5563,0.5638,-0.1316,-0.0019,738,743,325,3960,3963,2635,2626,0.9531,5.8,2115692000,0.6853,0.6703
2026-06-25,128,False,AI,1453410823,1479500909,0.018,0.0128,-0.0037,0.5653,0.5726,-0.1379,-0.002,790,924,477,4014,4090,2717,2707,0.9548,6.33,2112281000,0.7004,0.6881
2026-06-26,129,False,AI,1458017648,1488328752,0.0208,0.0128,-0.0066,0.5678,0.575,-0.1064,-0.0036,793,859,412,4090,4185,2723,2705,0.9556,6.12,2105844000,0.7068,0.6924
2026-06-27,130,False,AI,1473128838,1490623127,0.0119,-0.0024,-0.0091,0.5775,0.5761,-0.1119,-0.0046,812,1061,467,4347,4490,2741,2716,0.9587,6.59,2126133000,0.7011,0.6929
2026-06-28,131,False,AI,1463237069,1486413869,0.0158,0.0073,-0.012,0.5719,0.5761,-0.1244,-0.006,781,1141,573,4389,4562,2746,2713,0.9493,7.22,2115241000,0.7027,0.6918
2026-06-29,132,False,AI,1425465277,1449168792,0.0166,0.0109,-0.0102,0.5542,0.5602,-0.1279,-0.0058,824,788,392,4034,4030,2757,2729,0.9462,7.51,2086075000,0.6947,0.6833
2026-06-30,133,False,AI,1443464918,1452492742,0.0063,-0.0002,-0.0145,0.5632,0.5631,-0.1342,-0.008,728,840,354,4014,4124,2690,2651,0.9485,7.47,2098556000,0.6921,0.6878
